{
    "Logistic Regression": 0.6721311475409836,
    "Decision Tree": 0.6557377049180327,
    "Random Forest": 0.6721311475409836,
    "KNN": 0.6721311475409836
}